id,keyword,companyname
1,20MICRONS,20 Microns Limited
2,21STCENMGM,21st Century Management Services Limited
3,3IINFOTECH,3i Infotech Limited
4,3MINDIA,3M India Limited
5,3PLAND,3P Land Holdings Limited
6,5PAISA,5Paisa Capital Limited
7,63MOONS,63 moons technologies limited
8,A2ZINFRA,A2Z Infra Engineering Limited
9,AAKASH,Aakash Exploration Services Limited
10,AARON,Aaron Industries Limited
11,AARTIDRUGS,Aarti Drugs Limited
12,AARTIIND,Aarti Industries Limited
13,AARTISURF,Aarti Surfactants Limited
14,AARVEEDEN,Aarvee Denims & Exports Limited
15,AARVI,Aarvi Encon Limited
16,AAVAS,Aavas Financiers Limited
17,ABAN,Aban Offshore Limited
18,ABB,ABB India Limited
19,ABBOTINDIA,Abbott India Limited
20,ABCAPITAL,Aditya Birla Capital Limited
21,ABFRL,Aditya Birla Fashion and Retail Limited
22,ABMINTLTD,ABM International Limited
23,ACC,ACC Limited
24,ACCELYA,Accelya Solutions India Limited
25,ACCURACY,Accuracy Shipping Limited
26,ACE,Action Construction Equipment Limited
27,ACRYSIL,Acrysil Limited
28,ADANIENT,Adani Enterprises Limited
29,ADANIGREEN,Adani Green Energy Limited
30,ADANIPORTS,Adani Ports and Special Economic Zone Limited
31,ADANIPOWER,Adani Power Limited
32,ADANITRANS,Adani Transmission Limited
33,ADFFOODS,ADF Foods Limited
34,ADL,Archidply Decor Limited
35,ADORWELD,Ador Welding Limited
36,ADROITINFO,Adroit Infotech Limited
37,ADSL,Allied Digital Services Limited
38,ADVANIHOTR,Advani Hotels & Resorts (India) Limited
39,ADVENZYMES,Advanced Enzyme Technologies Limited
40,AEGISCHEM,Aegis Logistics Limited
41,AFFLE,Affle (India) Limited
42,AGARIND,Agarwal Industrial Corporation Limited
43,AGCNET,AGC Networks Limited
44,AGRITECH,Agri-Tech (India) Limited
45,AGROPHOS,Agro Phos India Limited
46,AHLADA,Ahlada Engineers Limited
47,AHLEAST,Asian Hotels (East) Limited
48,AHLUCONT,Ahluwalia Contracts (India) Limited
49,AHLWEST,Asian Hotels (West) Limited
50,AIAENG,AIA Engineering Limited
51,AIRAN,Airan Limited
52,AJANTPHARM,Ajanta Pharma Limited
53,AJMERA,Ajmera Realty & Infra India Limited
54,AJOONI,Ajooni Biotech Limited
55,AKASH,Akash Infra-Projects Limited
56,AKG,Akg Exim Limited
57,AKSHARCHEM,AksharChem India Limited
58,AKSHOPTFBR,Aksh Optifibre Limited
59,AKZOINDIA,Akzo Nobel India Limited
60,ALANKIT,Alankit Limited
61,ALBERTDAVD,Albert David Limited
62,ALEMBICLTD,Alembic Limited
63,ALICON,Alicon Castalloy Limited
64,ALKALI,Alkali Metals Limited
65,ALKEM,Alkem Laboratories Limited
66,ALKYLAMINE,Alkyl Amines Chemicals Limited
67,ALLCARGO,Allcargo Logistics Limited
68,ALLSEC,Allsec Technologies Limited
69,ALMONDZ,Almondz Global Securities Limited
70,ALOKINDS,Alok Industries Limited
71,ALPA,Alpa Laboratories Limited
72,ALPHAGEO,Alphageo (India) Limited
73,ALPSINDUS,Alps Industries Limited
74,AMARAJABAT,Amara Raja Batteries Limited
75,AMBER,Amber Enterprises India Limited
76,AMBICAAGAR,Ambica Agarbathies & Aroma industries Limited
77,AMBIKCO,Ambika Cotton Mills Limited
78,AMBUJACEM,Ambuja Cements Limited
79,AMDIND,AMD Industries Limited
80,AMJLAND,Amj Land Holdings Limited
81,AMRUTANJAN,Amrutanjan Health Care Limited
82,ANANTRAJ,Anant Raj Limited
83,ANDHRACEMT,Andhra Cements Limited
84,ANDHRAPAP,ANDHRA PAPER LIMITED
85,ANDHRSUGAR,The Andhra Sugars Limited
86,ANGELBRKG,Angel Broking Limited
87,ANIKINDS,Anik Industries Limited
88,ANKITMETAL,Ankit Metal & Power Limited
89,ANMOL,Anmol India Limited
90,ANSALAPI,Ansal Properties & Infrastructure Limited
91,ANSALHSG,Ansal Housing Limited
92,ANUP,The Anup Engineering Limited
93,ANURAS,Anupam Rasayan India Limited
94,APARINDS,Apar Industries Limited
95,APCL,Anjani Portland Cement Limited
96,APCOTEXIND,Apcotex Industries Limited
97,APEX,Apex Frozen Foods Limited
98,APLAPOLLO,APL Apollo Tubes Limited
99,APLLTD,Alembic Pharmaceuticals Limited
100,APOLLO,Apollo Micro Systems Limited
101,APOLLOHOSP,Apollo Hospitals Enterprise Limited
102,APOLLOPIPE,Apollo Pipes Limited
103,APOLLOTYRE,Apollo Tyres Limited
104,APOLSINHOT,Apollo Sindoori Hotels Limited
105,APTECHT,Aptech Limited
106,ARCHIDPLY,Archidply Industries Limited
107,ARCHIES,Archies Limited
108,ARENTERP,Rajdarshan Industries Limited
109,ARIES,Aries Agro Limited
110,ARIHANT,Arihant Foundations & Housing Limited
111,ARIHANTCAP,Arihant Capital Markets Limited
112,ARIHANTSUP,Arihant Superstructures Limited
113,ARMANFIN,Arman Financial Services Limited
114,AROGRANITE,Aro Granite Industries Limited
115,ARROWGREEN,Arrow Greentech Limited
116,ARSHIYA,Arshiya Limited
117,ARSSINFRA,ARSS Infrastructure Projects Limited
118,ARTEMISMED,Artemis Medicare Services Limited
119,ARVEE,Arvee Laboratories (India) Limited
120,ARVIND,Arvind Limited
121,ARVINDFASN,Arvind Fashions Limited
122,ARVSMART,Arvind SmartSpaces Limited
123,ASAHIINDIA,Asahi India Glass Limited
124,ASAHISONG,Asahi Songwon Colors Limited
125,ASAL,Automotive Stampings and Assemblies Limited
126,ASALCBR,Associated Alcohols & Breweries Ltd.
127,ASHAPURMIN,Ashapura Minechem Limited
128,ASHIANA,Ashiana Housing Limited
129,ASHIMASYN,Ashima Limited
130,ASHOKA,Ashoka Buildcon Limited
131,ASHOKLEY,Ashok Leyland Limited
132,ASIANHOTNR,Asian Hotels (North) Limited
133,ASIANPAINT,Asian Paints Limited
134,ASIANTILES,Asian Granito India Limited
135,ASPINWALL,Aspinwall and Company Limited
136,ASTEC,Astec LifeSciences Limited
137,ASTERDM,Aster DM Healthcare Limited
138,ASTRAL,Astral Limited
139,ASTRAMICRO,Astra Microwave Products Limited
140,ASTRAZEN,AstraZeneca Pharma India Limited
141,ASTRON,Astron Paper & Board Mill Limited
142,ATFL,Agro Tech Foods Limited
143,ATGL,Adani Total Gas Limited
144,ATLANTA,Atlanta  Limited
145,ATUL,Atul Limited
146,ATULAUTO,Atul Auto Limited
147,AUBANK,AU Small Finance Bank Limited
148,AURIONPRO,Aurionpro Solutions Limited
149,AUROPHARMA,Aurobindo Pharma Limited
150,AUSOMENT,Ausom Enterprise Limited
151,AUTOAXLES,Automotive Axles Limited
152,AUTOIND,Autoline Industries Limited
153,AVADHSUGAR,Avadh Sugar & Energy Limited
154,AVANTIFEED,Avanti Feeds Limited
155,AVTNPL,AVT Natural Products Limited
156,AWHCL,Antony Waste Handling Cell Limited
157,AXISBANK,Axis Bank Limited
158,AXISCADES,AXISCADES Technologies Limited
159,AYMSYNTEX,AYM Syntex Limited
160,BAFNAPH,Bafna Pharmaceuticals Limited
161,BAGFILMS,B.A.G Films and Media Limited
162,BAJAJ-AUTO,Bajaj Auto Limited
163,BAJAJCON,Bajaj Consumer Care Limited
164,BAJAJELEC,Bajaj Electricals Limited
165,BAJAJFINSV,Bajaj Finserv Limited
166,BAJAJHIND,Bajaj Hindusthan Sugar Limited
167,BAJAJHLDNG,Bajaj Holdings & Investment Limited
168,BAJFINANCE,Bajaj Finance Limited
169,BALAJITELE,Balaji Telefilms Limited
170,BALAMINES,Balaji Amines Limited
171,BALAXI,BALAXI PHARMACEUTICALS LIMITED
172,BALKRISHNA,Balkrishna Paper Mills Limited
173,BALKRISIND,Balkrishna Industries Limited
174,BALLARPUR,Ballarpur Industries Limited
175,BALMLAWRIE,Balmer Lawrie & Company Limited
176,BALPHARMA,Bal Pharma Limited
177,BALRAMCHIN,Balrampur Chini Mills Limited
178,BANARBEADS,Banaras Beads Limited
179,BANARISUG,Bannari Amman Sugars Limited
180,BANCOINDIA,Banco Products (I) Limited
181,BANDHANBNK,Bandhan Bank Limited
182,BANG,Bang Overseas Limited
183,BANKA,Banka BioLoo Limited
184,BANKBARODA,Bank of Baroda
185,BANKINDIA,Bank of India
186,BANSWRAS,Banswara Syntex Limited
187,BARBEQUE,Barbeque Nation Hospitality Limited
188,BARTRONICS,Bartronics India Limited
189,BASF,BASF India Limited
190,BASML,Bannari Amman Spinning Mills Limited
191,BATAINDIA,Bata India Limited
192,BAYERCROP,Bayer Cropscience Limited
193,BBL,Bharat Bijlee Limited
194,BBTC,Bombay Burmah Trading Corporation Limited
195,BCG,Brightcom Group Limited
196,BCLIND,Bcl Industries Limited
197,BCP,B.C. Power Controls Ltd
198,BDL,Bharat Dynamics Limited
199,BEARDSELL,Beardsell Limited
200,BECTORFOOD,Mrs. Bectors Food Specialities Limited
201,BEDMUTHA,Bedmutha Industries Limited
202,BEL,Bharat Electronics Limited
203,BEML,BEML Limited
204,BEPL,Bhansali Engineering Polymers Limited
205,BERGEPAINT,Berger Paints (I) Limited
206,BESTAGRO,Best Agrolife Limited
207,BFINVEST,BF Investment Limited
208,BFUTILITIE,BF Utilities Limited
209,BGRENERGY,BGR Energy Systems Limited
210,BHAGERIA,Bhageria Industries Limited
211,BHAGYANGR,Bhagyanagar India Limited
212,BHAGYAPROP,Bhagyanagar Properties Limited
213,BHANDARI,Bhandari Hosiery Exports Limited
214,BHARATFORG,Bharat Forge Limited
215,BHARATGEAR,Bharat Gears Limited
216,BHARATRAS,Bharat Rasayan Limited
217,BHARATWIRE,Bharat Wire Ropes Limited
218,BHARTIARTL,Bharti Airtel Limited
219,BHEL,Bharat Heavy Electricals Limited
220,BIGBLOC,Bigbloc Construction Limited
221,BIL,Bhartiya International Limited
222,BINDALAGRO,Oswal Chemicals & Fertilizers Limited
223,BIOCON,Biocon Limited
224,BIOFILCHEM,Biofil Chemicals & Pharmaceuticals Limited
225,BIRLACABLE,Birla Cable Limited
226,BIRLACORPN,Birla Corporation Limited
227,BIRLAMONEY,Aditya Birla Money Limited
228,BIRLATYRE,Birla Tyres Limited
229,BKMINDST,Bkm Industries Limited
230,BLBLIMITED,BLB Limited
231,BLISSGVS,Bliss GVS Pharma Limited
232,BLKASHYAP,B. L. Kashyap and Sons Limited
233,BLS,BLS International Services Limited
234,BLUECOAST,Blue Coast Hotels Limited
235,BLUEDART,Blue Dart Express Limited
236,BLUESTARCO,Blue Star Limited
237,BODALCHEM,Bodal Chemicals Limited
238,BOMDYEING,Bombay Dyeing & Mfg Company Limited
239,BOROLTD,Borosil Limited
240,BORORENEW,BOROSIL RENEWABLES LIMITED
241,BOSCHLTD,Bosch Limited
242,BPCL,Bharat Petroleum Corporation Limited
243,BPL,BPL Limited
244,BRFL,Bombay Rayon Fashions Limited
245,BRIGADE,Brigade Enterprises Limited
246,BRITANNIA,Britannia Industries Limited
247,BRNL,Bharat Road Network Limited
248,BROOKS,Brooks Laboratories Limited
249,BSE,BSE Limited
250,BSELINFRA,BSEL Infrastructure Realty Limited
251,BSHSL,Bombay Super Hybrid Seeds Limited
252,BSL,BSL Limited
253,BSOFT,BIRLASOFT LIMITED
254,BURGERKING,Burger King India Limited
255,BUTTERFLY,Butterfly Gandhimathi Appliances Limited
256,BVCL,Barak Valley Cements Limited
257,BYKE,The Byke Hospitality Ltd
258,CADILAHC,Cadila Healthcare Limited
259,CALSOFT,California Software Company Limited
260,CAMLINFINE,Camlin Fine Sciences Limited
261,CAMS,Computer Age Management Services Limited
262,CANBK,Canara Bank
263,CANDC,C & C Constructions Limited
264,CANFINHOME,Can Fin Homes Limited
265,CANTABIL,Cantabil Retail India Limited
266,CAPACITE,Capacit'e Infraprojects Limited
267,CAPLIPOINT,Caplin Point Laboratories Limited
268,CAPTRUST,Capital Trust Limited
269,CARBORUNIV,Carborundum Universal Limited
270,CAREERP,Career Point Limited
271,CARERATING,CARE Ratings Limited
272,CASTROLIND,Castrol India Limited
273,CCCL,Consolidated Construction Consortium Limited
274,CCHHL,Country Club Hospitality & Holidays Limited
275,CCL,CCL Products (India) Limited
276,CDSL,Central Depository Services (India) Limited
277,CEATLTD,CEAT Limited
278,CEBBCO,Commercial Engineers & Body Builders Co Limited
279,CELEBRITY,Celebrity Fashions Limited
280,CENTENKA,Century Enka Limited
281,CENTEXT,Century Extrusions Limited
282,CENTRALBK,Central Bank of India
283,CENTRUM,Centrum Capital Limited
284,CENTUM,Centum Electronics Limited
285,CENTURYPLY,Century Plyboards (India) Limited
286,CENTURYTEX,Century Textiles & Industries Limited
287,CERA,Cera Sanitaryware Limited
288,CEREBRAINT,Cerebra Integrated Technologies Limited
289,CESC,CESC Limited
290,CGCL,Capri Global Capital Limited
291,CGPOWER,CG Power and Industrial Solutions Limited
292,CHALET,Chalet Hotels Limited
293,CHAMBLFERT,Chambal Fertilizers & Chemicals Limited
294,CHEMBOND,Chembond Chemicals Ltd
295,CHEMCON,Chemcon Speciality Chemicals Limited
296,CHEMFAB,Chemfab Alkalis Limited
297,CHENNPETRO,Chennai Petroleum Corporation Limited
298,CHOLAFIN,Cholamandalam Investment and Finance Company Limited
299,CHOLAHLDNG,Cholamandalam Financial Holdings Limited
300,CIGNITITEC,Cigniti Technologies Limited
301,CINELINE,Cineline India Limited
302,CINEVISTA,Cinevista Limited
303,CIPLA,Cipla Limited
304,CLEDUCATE,CL Educate Limited
305,CLNINDIA,Clariant Chemicals (India) Limited
306,CLSEL,Chaman Lal Setia Exports Limited
307,CMICABLES,CMI Limited
308,COALINDIA,Coal India Limited
309,COCHINSHIP,Cochin Shipyard Limited
310,COFFEEDAY,Coffee Day Enterprises Limited
311,COFORGE,Coforge Limited
312,COLPAL,Colgate Palmolive (India) Limited
313,COMPINFO,Compuage Infocom Limited
314,COMPUSOFT,Compucom Software Limited
315,CONCOR,Container Corporation of India Limited
316,CONFIPET,Confidence Petroleum India Limited
317,CONSOFINVT,Consolidated Finvest & Holdings Limited
318,CONTROLPR,Control Print Limited
319,CORALFINAC,Coral India Finance & Housing Limited
320,CORDSCABLE,Cords Cable Industries Limited
321,COROMANDEL,Coromandel International Limited
322,COSMOFILMS,Cosmo Films Limited
323,COUNCODOS,Country Condo's Limited
324,COX&KINGS,Cox & Kings Limited
325,CRAFTSMAN,Craftsman Automation Limited
326,CREATIVE,Creative Peripherals and Distribution Limited
327,CREATIVEYE,Creative Eye Limited
328,CREDITACC,CREDITACCESS GRAMEEN LIMITED
329,CREST,Crest Ventures Limited
330,CRISIL,CRISIL Limited
331,CROMPTON,Crompton Greaves Consumer Electricals Limited
332,CSBBANK,CSB Bank Limited
333,CTE,Cambridge Technology Enterprises Limited
334,CUB,City Union Bank Limited
335,CUBEXTUB,Cubex Tubings Limited
336,CUMMINSIND,Cummins India Limited
337,CUPID,Cupid Limited
338,CYBERMEDIA,Cyber Media (India) Limited
339,CYBERTECH,Cybertech Systems And Software Limited
340,CYIENT,Cyient Limited
341,DAAWAT,LT Foods Limited
342,DABUR,Dabur India Limited
343,DALALSTCOM,DSJ Communications Limited
344,DALBHARAT,Dalmia Bharat Limited
345,DALMIASUG,Dalmia Bharat Sugar and Industries Limited
346,DAMODARIND,Damodar Industries Limited
347,DANGEE,Dangee Dums Limited
348,DATAMATICS,Datamatics Global Services Limited
349,DBCORP,D.B.Corp Limited
350,DBL,Dilip Buildcon Limited
351,DBREALTY,D B Realty Limited
352,DBSTOCKBRO,DB (International) Stock Brokers Limited
353,DCAL,Dishman Carbogen Amcis Limited
354,DCBBANK,DCB Bank Limited
355,DCM,DCM  Limited
356,DCMFINSERV,DCM Financial Services Limited
357,DCMNVL,DCM Nouvelle Limited
358,DCMSHRIRAM,DCM Shriram Limited
359,DCW,DCW Limited
360,DECCANCE,Deccan Cements Limited
361,DEEPAKFERT,Deepak Fertilizers And Petrochemicals Corporation Limited
362,DEEPAKNTR,Deepak Nitrite Limited
363,DEEPENR,DEEP ENERGY RESOURCES LIMITED
364,DEEPINDS,Deep Industries Limited
365,DELTACORP,Delta Corp Limited
366,DELTAMAGNT,Delta Manufacturing Limited
367,DEN,Den Networks Limited
368,DENORA,De Nora India Limited
369,DFMFOODS,DFM Foods Limited
370,DGCONTENT,Digicontent Limited
371,DHAMPURSUG,Dhampur Sugar Mills Limited
372,DHANBANK,Dhanlaxmi Bank Limited
373,DHANI,Dhani Services Limited
374,DHANUKA,Dhanuka Agritech Limited
375,DHARSUGAR,Dharani Sugars & Chemicals Limited
376,DHUNINV,Dhunseri Investments Limited
377,DIAMONDYD,Prataap Snacks Limited
378,DICIND,DIC India Limited
379,DIGISPICE,DiGiSPICE Technologies Limited
380,DISHTV,Dish TV India Limited
381,DIVISLAB,Divi's Laboratories Limited
382,DIXON,Dixon Technologies (India) Limited
383,DLF,DLF Limited
384,DLINKINDIA,D-Link (India) Limited
385,DMART,Avenue Supermarts Limited
386,DNAMEDIA,Diligent Media Corporation Limited
387,DOLAT,Dolat Investments Limited
388,DOLLAR,Dollar Industries Limited
389,DONEAR,Donear Industries Limited
390,DPABHUSHAN,D. P. Abhushan Limited
391,DPSCLTD,DPSC Limited
392,DPWIRES,D P Wires Limited
393,DRCSYSTEMS,DRC Systems India Limited
394,DREDGECORP,Dredging Corporation of India Limited
395,DRREDDY,Dr. Reddy's Laboratories Limited
396,DSSL,Dynacons Systems & Solutions Limited
397,DTIL,Dhunseri Tea & Industries Limited
398,DUCON,Ducon Infratechnologies Limited
399,DVL,Dhunseri Ventures Limited
400,DWARKESH,Dwarikesh Sugar Industries Limited
401,DYNAMATECH,Dynamatic Technologies Limited
402,DYNPRO,Dynemic Products Limited
403,EASEMYTRIP,Easy Trip Planners Limited
404,EASTSILK,Eastern Silk Industries Limited
405,EASUNREYRL,Easun Reyrolle Limited
406,EBIXFOREX,EBIXCASH WORLD MONEY INDIA LIMITED
407,ECLERX,eClerx Services Limited
408,EDELWEISS,Edelweiss Financial Services Limited
409,EDUCOMP,Educomp Solutions Limited
410,EICHERMOT,Eicher Motors Limited
411,EIDPARRY,EID Parry India Limited
412,EIHAHOTELS,EIH Associated Hotels Limited
413,EIHOTEL,EIH Limited
414,EIMCOELECO,Eimco Elecon (India) Limited
415,EKC,Everest Kanto Cylinder Limited
416,ELECON,Elecon Engineering Company Limited
417,ELECTCAST,Electrosteel Castings Limited
418,ELECTHERM,Electrotherm (India) Limited
419,ELGIEQUIP,Elgi Equipments Limited
420,ELGIRUBCO,Elgi Rubber Company Limited
421,EMAMILTD,Emami Limited
422,EMAMIPAP,Emami Paper Mills Limited
423,EMAMIREAL,Emami Realty Limited
424,EMCO,Emco Limited
425,EMKAY,Emkay Global Financial Services Limited
426,EMMBI,Emmbi Industries Limited
427,ENDURANCE,Endurance Technologies Limited
428,ENERGYDEV,Energy Development Company Limited
429,ENGINERSIN,Engineers India Limited
430,ENIL,Entertainment Network (India) Limited
431,EPL,EPL Limited
432,EQUITAS,Equitas Holdings Limited
433,EQUITASBNK,Equitas Small Finance Bank Limited
434,ERIS,Eris Lifesciences Limited
435,EROSMEDIA,Eros International Media Limited
436,ESABINDIA,Esab India Limited
437,ESCORTS,Escorts Limited
438,ESSARSHPNG,Essar Shipping Limited
439,ESTER,Ester Industries Limited
440,EUROTEXIND,Eurotex Industries and Exports Limited
441,EVEREADY,Eveready Industries India Limited
442,EVERESTIND,Everest Industries Limited
443,EXCEL,Excel Realty N Infra Limited
444,EXCELINDUS,Excel Industries Limited
445,EXIDEIND,Exide Industries Limited
446,EXPLEOSOL,Expleo Solutions Limited
447,FACT,Fertilizers and Chemicals Travancore Limited
448,FAIRCHEMOR,Fairchem Organics Limited
449,FCL,Fineotex Chemical Limited
450,FCONSUMER,Future Consumer Limited
451,FCSSOFT,FCS Software Solutions Limited
452,FDC,FDC Limited
453,FEDERALBNK,The Federal Bank  Limited
454,FEL,Future Enterprises Limited
455,FELDVR,Future Enterprises Limited
456,FIEMIND,Fiem Industries Limited
457,FILATEX,Filatex India Limited
458,FINCABLES,Finolex Cables Limited
459,FINEORG,Fine Organic Industries Limited
460,FINPIPE,Finolex Industries Limited
461,FLEXITUFF,Flexituff Ventures International Limited
462,FLFL,Future Lifestyle Fashions Limited
463,FLUOROCHEM,Gujarat Fluorochemicals Limited
464,FMGOETZE,Federal-Mogul Goetze (India) Limited.
465,FMNL,Future Market Networks Limited
466,FORCEMOT,FORCE MOTORS LTD
467,FORTIS,Fortis Healthcare Limited
468,FOSECOIND,Foseco India Limited
469,FRETAIL,Future Retail Limited
470,FSC,Future Supply Chain Solutions Limited
471,FSL,Firstsource Solutions Limited
472,GABRIEL,Gabriel India Limited
473,GAEL,Gujarat Ambuja Exports Limited
474,GAIL,GAIL (India) Limited
475,GAL,Gyscoal Alloys Limited
476,GALAXYSURF,Galaxy Surfactants Limited
477,GALLANTT,Gallantt Metal Limited
478,GALLISPAT,Gallantt Ispat Limited
479,GAMMNINFRA,Gammon Infrastructure Projects Limited
480,GANDHITUBE,Gandhi Special Tubes Limited
481,GANECOS,Ganesha Ecosphere Limited
482,GANESHHOUC,Ganesh Housing Corporation Limited
483,GANGESSECU,Ganges Securities Limited
484,GARFIBRES,Garware Technical Fibres Limited
485,GATI,GATI Limited
486,GAYAHWS,Gayatri Highways Limited
487,GAYAPROJ,Gayatri Projects Limited
488,GDL,Gateway Distriparks Limited
489,GEECEE,GeeCee Ventures Limited
490,GEEKAYWIRE,Geekay Wires Limited
491,GENCON,Generic Engineering Construction and Projects Limited
492,GENESYS,Genesys International Corporation Limited
493,GENUSPAPER,Genus Paper & Boards Limited
494,GENUSPOWER,Genus Power Infrastructures Limited
495,GEOJITFSL,Geojit Financial Services Limited
496,GEPIL,GE Power India Limited
497,GESHIP,The Great Eastern Shipping Company Limited
498,GET&D,GE T&D India Limited
499,GFLLIMITED,GFL Limited
500,GFSTEELS,Grand Foundry Limited
501,GHCL,GHCL Limited
502,GICHSGFIN,GIC Housing Finance Limited
503,GICRE,General Insurance Corporation of India
504,GILLANDERS,Gillanders Arbuthnot & Company Limited
505,GILLETTE,Gillette India Limited
506,GINNIFILA,Ginni Filaments Limited
507,GIPCL,Gujarat Industries Power Company Limited
508,GKWLIMITED,GKW Limited
509,GLAND,Gland Pharma Limited
510,GLAXO,GlaxoSmithKline Pharmaceuticals Limited
511,GLENMARK,Glenmark Pharmaceuticals Limited
512,GLFL,Gujarat Lease Financing Limited
513,GLOBAL,Global Education Limited
514,GLOBALVECT,Global Vectra Helicorp Limited
515,GLOBE,Globe Textiles (India) Limited
516,GLOBUSSPR,Globus Spirits Limited
517,GMBREW,GM Breweries Limited
518,GMDCLTD,Gujarat Mineral Development Corporation Limited
519,GMMPFAUDLR,GMM Pfaudler Limited
520,GMRINFRA,GMR Infrastructure Limited
521,GNA,GNA Axles Limited
522,GNFC,Gujarat Narmada Valley Fertilizers and Chemicals Limited
523,GOACARBON,Goa Carbon Limited
524,GOCLCORP,GOCL Corporation Limited
525,GODFRYPHLP,Godfrey Phillips India Limited
526,GODHA,Godha Cabcon & Insulation Limited
527,GODREJAGRO,Godrej Agrovet Limited
528,GODREJCP,Godrej Consumer Products Limited
529,GODREJIND,Godrej Industries Limited
530,GODREJPROP,Godrej Properties Limited
531,GOENKA,Goenka Diamond and Jewels Limited
532,GOKEX,Gokaldas Exports Limited
533,GOKUL,Gokul Refoils and Solvent Limited
534,GOKULAGRO,Gokul Agro Resources Limited
535,GOLDENTOBC,Golden Tobacco Limited
536,GOLDIAM,Goldiam International Limited
537,GOLDTECH,Goldstone Technologies Limited
538,GOODLUCK,Goodluck India Limited
539,GOODYEAR,Goodyear India Limited
540,GPIL,Godawari Power And Ispat limited
541,GPPL,Gujarat Pipavav Port Limited
542,GPTINFRA,GPT Infraprojects Limited
543,GRANULES,Granules India Limited
544,GRAPHITE,Graphite India Limited
545,GRASIM,Grasim Industries Limited
546,GRAVITA,Gravita India Limited
547,GREAVESCOT,Greaves Cotton Limited
548,GREENLAM,Greenlam Industries Limited
549,GREENPANEL,Greenpanel Industries Limited
550,GREENPLY,Greenply Industries Limited
551,GREENPOWER,Orient Green Power Company Limited
552,GRINDWELL,Grindwell Norton Limited
553,GROBTEA,The Grob Tea Company Limited
554,GRPLTD,GRP Limited
555,GRSE,Garden Reach Shipbuilders & Engineers Limited
556,GSCLCEMENT,Gujarat Sidhee Cement Limited
557,GSFC,Gujarat State Fertilizers & Chemicals Limited
558,GSPL,Gujarat State Petronet Limited
559,GSS,GSS Infotech Limited
560,GTL,GTL Limited
561,GTLINFRA,GTL Infrastructure Limited
562,GTNTEX,GTN Textiles Limited
563,GTPL,GTPL Hathway Limited
564,GUFICBIO,Gufic Biosciences Limited
565,GUJALKALI,Gujarat Alkalies and Chemicals Limited
566,GUJAPOLLO,Gujarat Apollo Industries Limited
567,GUJGASLTD,Gujarat Gas Limited
568,GUJRAFFIA,Gujarat Raffia Industries Limited
569,GULFOILLUB,Gulf Oil Lubricants India Limited
570,GULFPETRO,GP Petroleums Limited
571,GULPOLY,Gulshan Polyols Limited
572,HAL,Hindustan Aeronautics Limited
573,HAPPSTMNDS,Happiest Minds Technologies Limited
574,HARRMALAYA,Harrisons  Malayalam Limited
575,HATHWAY,Hathway Cable & Datacom Limited
576,HATSUN,Hatsun Agro Product Limited
577,HAVELLS,Havells India Limited
578,HAVISHA,Sri Havisha Hospitality and Infrastructure Limited
579,HBLPOWER,HBL Power Systems Limited
580,HBSL,HB Stockholdings Limited
581,HCC,Hindustan Construction Company Limited
582,HCG,Healthcare Global Enterprises Limited
583,HCL-INSYS,HCL Infosystems Limited
584,HCLTECH,HCL Technologies Limited
585,HDFC,Housing Development Finance Corporation Limited
586,HDFCAMC,HDFC Asset Management Company Limited
587,HDFCBANK,HDFC Bank Limited
588,HDFCLIFE,HDFC Life Insurance Company Limited
589,HDIL,Housing Development and Infrastructure Limited
590,HEG,HEG Limited
591,HEIDELBERG,HeidelbergCement India Limited
592,HEMIPROP,Hemisphere Properties India Limited
593,HERANBA,Heranba Industries Limited
594,HERCULES,Hercules Hoists Limited
595,HERITGFOOD,Heritage Foods Limited
596,HEROMOTOCO,Hero MotoCorp Limited
597,HESTERBIO,Hester Biosciences Limited
598,HEXATRADEX,Hexa Tradex Limited
599,HFCL,HFCL Limited
600,HGINFRA,H.G. Infra Engineering Limited
601,HGS,Hinduja Global Solutions Limited
602,HIKAL,Hikal Limited
603,HIL,HIL Limited
604,HILTON,Hilton Metal Forging Limited
605,HIMATSEIDE,Himatsingka Seide Limited
606,HINDALCO,Hindalco Industries Limited
607,HINDCOMPOS,Hindustan Composites Limited
608,HINDCOPPER,Hindustan Copper Limited
609,HINDMOTORS,Hindustan Motors Limited
610,HINDNATGLS,Hindusthan National Glass & Industries Limited
611,HINDOILEXP,Hindustan Oil Exploration Company Limited
612,HINDPETRO,Hindustan Petroleum Corporation Limited
613,HINDUNILVR,Hindustan Unilever Limited
614,HINDZINC,Hindustan Zinc Limited
615,HIRECT,Hind Rectifiers Limited
616,HISARMETAL,Hisar Metal Industries Limited
617,HITECH,Hi-Tech Pipes Limited
618,HITECHCORP,Hitech Corporation Limited
619,HITECHGEAR,The Hi-Tech Gears Limited
620,HLEGLAS,HLE Glascoat Limited
621,HLVLTD,HLV LIMITED
622,HMT,HMT Limited
623,HMVL,Hindustan Media Ventures Limited
624,HNDFDS,Hindustan Foods Limited
625,HOMEFIRST,Home First Finance Company India Limited
626,HONAUT,Honeywell Automation India Limited
627,HONDAPOWER,Honda India Power Products Limited
628,HOTELRUGBY,Hotel Rugby Limited
629,HOVS,HOV Services Limited
630,HPL,HPL Electric & Power Limited
631,HSCL,Himadri Speciality Chemical Limited
632,HSIL,HSIL Limited
633,HTMEDIA,HT Media Limited
634,HUBTOWN,Hubtown Limited
635,HUDCO,Housing & Urban Development Corporation Limited
636,HUHTAMAKI,Huhtamaki India Limited
637,IBREALEST,Indiabulls Real Estate Limited
638,IBULHSGFIN,Indiabulls Housing Finance Limited
639,ICEMAKE,Ice Make Refrigeration Limited
640,ICICIBANK,ICICI Bank Limited
641,ICICIGI,ICICI Lombard General Insurance Company Limited
642,ICICIPRULI,ICICI Prudential Life Insurance Company Limited
643,ICIL,Indo Count Industries Limited
644,ICRA,ICRA Limited
645,IDBI,IDBI Bank Limited
646,IDEA,Vodafone Idea Limited
647,IDFC,IDFC Limited
648,IDFCFIRSTB,IDFC First Bank Limited
649,IEX,Indian Energy Exchange Limited
650,IFBAGRO,IFB Agro Industries Limited
651,IFBIND,IFB Industries Limited
652,IFCI,IFCI Limited
653,IFGLEXPOR,IFGL Refractories Limited
654,IGARASHI,Igarashi Motors India Limited
655,IGL,Indraprastha Gas Limited
656,IGPL,IG Petrochemicals Limited
657,IIFL,IIFL Finance Limited
658,IIFLSEC,IIFL Securities Limited
659,IIFLWAM,Iifl Wealth Management Limited
660,IITL,Industrial Investment Trust Limited
661,IL&FSENGG,IL&FS Engineering and Construction Company Limited
662,IL&FSTRANS,IL&FS Transportation Networks Limited
663,IMAGICAA,Imagicaaworld Entertainment Limited
664,IMFA,Indian Metals & Ferro Alloys Limited
665,IMPAL,India Motor Parts and Accessories Limited
666,INCREDIBLE,INCREDIBLE INDUSTRIES LIMITED
667,INDBANK,Indbank Merchant Banking Services Limited
668,INDHOTEL,The Indian Hotels Company Limited
669,INDIACEM,The India Cements Limited
670,INDIAGLYCO,India Glycols Limited
671,INDIAMART,Indiamart Intermesh Limited
672,INDIANB,Indian Bank
673,INDIANCARD,Indian Card Clothing Company Limited
674,INDIANHUME,Indian Hume Pipe Company Limited
675,INDIGO,InterGlobe Aviation Limited
676,INDIGOPNTS,Indigo Paints Limited
677,INDLMETER,IMP Powers Limited
678,INDNIPPON,India Nippon Electricals Limited
679,INDOCO,Indoco Remedies Limited
680,INDORAMA,Indo Rama Synthetics (India) Limited
681,INDOSOLAR,Indosolar Limited
682,INDOSTAR,IndoStar Capital Finance Limited
683,INDOTECH,Indo Tech Transformers Limited
684,INDOTHAI,Indo Thai Securities Limited
685,INDOWIND,Indowind Energy Limited
686,INDRAMEDCO,Indraprastha Medical Corporation Limited
687,INDSWFTLAB,Ind-Swift Laboratories Limited
688,INDTERRAIN,Indian Terrain Fashions Limited
689,INDUSINDBK,IndusInd Bank Limited
690,INDUSTOWER,Indus Towers Limited
691,INEOSSTYRO,INEOS Styrolution India Limited
692,INFIBEAM,Infibeam Avenues Limited
693,INFOBEAN,InfoBeans Technologies Limited
694,INFOMEDIA,Infomedia Press Limited
695,INFY,Infosys Limited
696,INGERRAND,Ingersoll Rand (India) Limited
697,INOXLEISUR,INOX Leisure Limited
698,INOXWIND,Inox Wind Limited
699,INSECTICID,Insecticides (India) Limited
700,INSPIRISYS,Inspirisys Solutions Limited
701,INTELLECT,Intellect Design Arena Limited
702,INTENTECH,Intense Technologies Limited
703,INVENTURE,Inventure Growth & Securities Limited
704,IOB,Indian Overseas Bank
705,IOC,Indian Oil Corporation Limited
706,IOLCP,IOL Chemicals and Pharmaceuticals Limited
707,IPCALAB,IPCA Laboratories Limited
708,IRB,IRB Infrastructure Developers Limited
709,IRCON,Ircon International Limited
710,IRCTC,Indian Railway Catering And Tourism Corporation Limited
711,IRFC,Indian Railway Finance Corporation Limited
712,IRISDOREME,Iris Clothings Limited
713,ISEC,ICICI Securities Limited
714,ISFT,Intrasoft Technologies Limited
715,ISGEC,Isgec Heavy Engineering Limited
716,ISMTLTD,ISMT Limited
717,ITC,ITC Limited
718,ITDC,India Tourism Development Corporation Limited
719,ITDCEM,ITD Cementation India Limited
720,ITI,ITI Limited
721,IVC,IL&FS Investment Managers Limited
722,IVP,IVP Limited
723,IWEL,Inox Wind Energy Limited
724,IZMO,IZMO Limited
725,J&KBANK,The Jammu & Kashmir Bank Limited
726,JAGRAN,Jagran Prakashan Limited
727,JAGSNPHARM,Jagsonpal Pharmaceuticals Limited
728,JAIBALAJI,Jai Balaji Industries Limited
729,JAICORPLTD,Jai Corp Limited
730,JAINSTUDIO,Jain Studios Limited
731,JAMNAAUTO,Jamna Auto Industries Limited
732,JASH,Jash Engineering Limited
733,JAYAGROGN,Jayant Agro Organics Limited
734,JAYBARMARU,Jay Bharat Maruti Limited
735,JAYNECOIND,Jayaswal Neco Industries Limited
736,JAYSREETEA,Jayshree Tea & Industries Limited
737,JBCHEPHARM,JB Chemicals & Pharmaceuticals Limited
738,JBFIND,JBF Industries Limited
739,JBMA,JBM Auto Limited
740,JCHAC,Johnson Controls - Hitachi Air Conditioning India Limited
741,JETAIRWAYS,Jet Airways (India) Limited
742,JHS,JHS Svendgaard Laboratories Limited
743,JINDALPHOT,Jindal Photo Limited
744,JINDALPOLY,Jindal Poly Films Limited
745,JINDALSAW,Jindal Saw Limited
746,JINDALSTEL,Jindal Steel & Power Limited
747,JINDRILL,Jindal Drilling And Industries Limited
748,JINDWORLD,Jindal Worldwide Limited
749,JISLDVREQS,Jain Irrigation Systems Limited
750,JISLJALEQS,Jain Irrigation Systems Limited
751,JIYAECO,Jiya Eco-Products Limited
752,JKCEMENT,JK Cement Limited
753,JKIL,J.Kumar Infraprojects Limited
754,JKLAKSHMI,JK Lakshmi Cement Limited
755,JKPAPER,JK Paper Limited
756,JKTYRE,JK Tyre & Industries Limited
757,JMA,Jullundur Motor Agency (Delhi) Limited
758,JMCPROJECT,JMC Projects (India)  Limited
759,JMFINANCIL,JM Financial Limited
760,JMTAUTOLTD,JMT Auto Limited
761,JOCIL,Jocil Limited
762,JPASSOCIAT,Jaiprakash Associates Limited
763,JPINFRATEC,Jaypee Infratech Limited
764,JPPOWER,Jaiprakash Power Ventures Limited
765,JSL,Jindal Stainless Limited
766,JSLHISAR,Jindal Stainless (Hisar) Limited
767,JSWENERGY,JSW Energy Limited
768,JSWHL,JSW Holdings Limited
769,JSWISPL,JSW Ispat Special Products Limited
770,JSWSTEEL,JSW Steel Limited
771,JTEKTINDIA,Jtekt India Limited
772,JUBLFOOD,Jubilant Foodworks Limited
773,JUBLINDS,Jubilant Industries Limited
774,JUBLINGREA,Jubilant Ingrevia Limited
775,JUBLPHARMA,Jubilant Pharmova Limited
776,JUMPNET,Jump Networks Limited
777,JUSTDIAL,Just Dial Limited
778,JYOTHYLAB,Jyothy Labs Limited
779,JYOTISTRUC,Jyoti Structures Limited
780,KABRAEXTRU,Kabra Extrusion Technik Limited
781,KAJARIACER,Kajaria Ceramics Limited
782,KAKATCEM,Kakatiya Cement Sugar & Industries Limited
783,KALPATPOWR,Kalpataru Power Transmission Limited
784,KALYANI,Kalyani Commercials Limited
785,KALYANIFRG,Kalyani Forge Limited
786,KALYANKJIL,Kalyan Jewellers India Limited
787,KAMATHOTEL,Kamat Hotels (I) Limited
788,KAMDHENU,Kamdhenu Limited
789,KANANIIND,Kanani Industries Limited
790,KANORICHEM,Kanoria Chemicals & Industries Limited
791,KANPRPLA,Kanpur Plastipack Limited
792,KANSAINER,Kansai Nerolac Paints Limited
793,KAPSTON,Kapston Facilities Management Limited
794,KARDA,Karda Constructions Limited
795,KARMAENG,Karma Energy Limited
796,KARURVYSYA,Karur Vysya Bank Limited
797,KAUSHALYA,Kaushalya Infrastructure Development Corporation Limited
798,KAYA,Kaya Limited
799,KCP,KCP Limited
800,KCPSUGIND,KCP Sugar and Industries Corporation Limited
801,KDDL,KDDL Limited
802,KEC,KEC International Limited
803,KECL,Kirloskar Electric Company Limited
804,KEERTI,Keerti Knowledge and Skills Limited
805,KEI,KEI Industries Limited
806,KELLTONTEC,Kellton Tech Solutions Limited
807,KENNAMET,Kennametal India Limited
808,KERNEX,Kernex Microsystems (India) Limited
809,KESORAMIND,Kesoram Industries Limited
810,KEYFINSERV,Keynote Financial Services Limited
811,KGL,Karuturi Global Limited
812,KHADIM,Khadim India Limited
813,KHAICHEM,Khaitan Chemicals & Fertilizers Limited
814,KHANDSE,Khandwala Securities Limited
815,KICL,Kalyani Investment Company Limited
816,KILITCH,Kilitch Drugs (India) Limited
817,KINGFA,Kingfa Science & Technology (India) Limited
818,KIOCL,KIOCL Limited
819,KIRIINDUS,Kiri Industries Limited
820,KIRLFER,Kirloskar Ferrous Industries Ltd
821,KIRLOSBROS,Kirloskar Brothers Limited
822,KIRLOSENG,Kirloskar Oil Engines Limited
823,KIRLOSIND,Kirloskar Industries Limited
824,KITEX,Kitex Garments Limited
825,KKCL,Kewal Kiran Clothing Limited
826,KMSUGAR,K.M.Sugar Mills Limited
827,KNRCON,KNR Constructions Limited
828,KOKUYOCMLN,Kokuyo Camlin Limited
829,KOLTEPATIL,Kolte - Patil Developers Limited
830,KOPRAN,Kopran Limited
831,KOTAKBANK,Kotak Mahindra Bank Limited
832,KOTARISUG,Kothari Sugars And Chemicals Limited
833,KOTHARIPET,Kothari Petrochemicals Limited
834,KOTHARIPRO,Kothari Products Limited
835,KPITTECH,KPIT Technologies Limited
836,KPRMILL,K.P.R. Mill Limited
837,KRBL,KRBL Limited
838,KREBSBIO,Krebs Biochemicals and Industries Limited
839,KRIDHANINF,Kridhan Infra Limited
840,KRISHANA,Krishana Phoschem Limited
841,KSB,Ksb Limited
842,KSCL,Kaveri Seed Company Limited
843,KSL,Kalyani Steels Limited
844,KTKBANK,The Karnataka Bank Limited
845,KUANTUM,Kuantum Papers Limited
846,L&TFH,L&T Finance Holdings Limited
847,LAKPRE,Lakshmi Precision Screws Limited
848,LALPATHLAB,Dr. Lal Path Labs Ltd.
849,LAMBODHARA,Lambodhara Textiles Limited
850,LAOPALA,La Opala RG Limited
851,LASA,Lasa Supergenerics Limited
852,LAURUSLABS,Laurus Labs Limited
853,LAXMIMACH,Lakshmi Machine Works Limited
854,LCCINFOTEC,LCC Infotech Limited
855,LEMONTREE,Lemon Tree Hotels Limited
856,LFIC,Lakshmi Finance & Industrial Corporation Limited
857,LGBBROSLTD,LG Balakrishnan & Bros Limited
858,LGBFORGE,LGB Forge Limited
859,LIBAS,Libas Consumer Products Limited
860,LIBERTSHOE,Liberty Shoes Limited
861,LICHSGFIN,LIC Housing Finance Limited
862,LIKHITHA,Likhitha Infrastructure Limited
863,LINCOLN,Lincoln Pharmaceuticals Limited
864,LINCPEN,Linc Pen & Plastics Limited
865,LINDEINDIA,Linde India Limited
866,LODHA,Macrotech Developers Limited
867,LOKESHMACH,Lokesh Machines Limited
868,LOTUSEYE,Lotus Eye Hospital and Institute Limited
869,LOVABLE,Lovable Lingerie Limited
870,LPDC,Landmark Property Development Company Limited
871,LSIL,Lloyds Steels Industries Limited
872,LT,Larsen & Toubro Limited
873,LTI,Larsen & Toubro Infotech Limited
874,LTTS,L&T Technology Services Limited
875,LUMAXIND,Lumax Industries Limited
876,LUMAXTECH,Lumax Auto Technologies Limited
877,LUPIN,Lupin Limited
878,LUXIND,Lux Industries Limited
879,LXCHEM,Laxmi Organic Industries Limited
880,LYKALABS,Lyka Labs Limited
881,LYPSAGEMS,Lypsa Gems & Jewellery Limited
882,M&M,Mahindra & Mahindra Limited
883,M&MFIN,Mahindra & Mahindra Financial Services Limited
884,MAANALU,Maan Aluminium Limited
885,MACPOWER,Macpower CNC Machines Limited
886,MADHAV,Madhav Marbles and Granites Limited
887,MADHUCON,Madhucon Projects Limited
888,MADRASFERT,Madras Fertilizers Limited
889,MAGADSUGAR,Magadh Sugar & Energy Limited
890,MAGMA,Magma Fincorp Limited
891,MAGNUM,Magnum Ventures Limited
892,MAHABANK,Bank of Maharashtra
893,MAHAPEXLTD,Maha Rashtra Apex Corporation Limited
894,MAHASTEEL,Mahamaya Steel Industries Limited
895,MAHEPC,Mahindra EPC Irrigation Limited
896,MAHESHWARI,Maheshwari Logistics Limited
897,MAHINDCIE,Mahindra CIE Automotive Limited
898,MAHLIFE,Mahindra Lifespace Developers Limited
899,MAHLOG,Mahindra Logistics Limited
900,MAHSCOOTER,Maharashtra Scooters Limited
901,MAHSEAMLES,Maharashtra Seamless Limited
902,MAITHANALL,Maithan Alloys Limited
903,MAJESCO,Majesco Limited
904,MALUPAPER,Malu Paper Mills Limited
905,MANAKALUCO,Manaksia Aluminium Company Limited
906,MANAKCOAT,Manaksia Coated Metals & Industries Limited
907,MANAKSIA,Manaksia Limited
908,MANAKSTEEL,Manaksia Steels Limited
909,MANALIPETC,Manali Petrochemicals Limited
910,MANAPPURAM,Manappuram Finance Limited
911,MANGALAM,Mangalam Drugs And Organics Limited
912,MANGCHEFER,Mangalore Chemicals & Fertilizers Limited
913,MANGLMCEM,Mangalam Cement Limited
914,MANGTIMBER,Mangalam Timber Products Limited
915,MANINDS,Man Industries (India) Limited
916,MANINFRA,Man Infraconstruction Limited
917,MANUGRAPH,Manugraph India Limited
918,MARALOVER,Maral Overseas Limited
919,MARATHON,Marathon Nextgen Realty Limited
920,MARICO,Marico Limited
921,MARINE,Marine Electricals (India) Limited
922,MARKSANS,Marksans Pharma Limited
923,MARUTI,Maruti Suzuki India Limited
924,MASFIN,MAS Financial Services Limited
925,MASKINVEST,Mask Investments Limited
926,MASTEK,Mastek Limited
927,MATRIMONY,Matrimony.Com Limited
928,MAWANASUG,Mawana Sugars Limited
929,MAXHEALTH,Max Healthcare Institute Limited
930,MAXIND,Max India Limited
931,MAXVIL,Max Ventures and Industries Limited
932,MAYURUNIQ,Mayur Uniquoters Ltd
933,MAZDA,Mazda Limited
934,MAZDOCK,Mazagon Dock Shipbuilders Limited
935,MBAPL,Madhya Bharat Agro Products Limited
936,MBECL,Mcnally Bharat Engineering Company Limited
937,MBLINFRA,MBL Infrastructures Limited
938,MCDHOLDING,McDowell Holdings Limited
939,MCDOWELL-N,United Spirits Limited
940,MCL,Madhav Copper Limited
941,MCLEODRUSS,Mcleod Russel India Limited
942,MCX,Multi Commodity Exchange of India Limited
943,MEGASOFT,Megasoft Limited
944,MELSTAR,Melstar Information Technologies Limited
945,MENONBE,Menon Bearings Limited
946,MEP,MEP Infrastructure Developers Limited
947,MERCATOR,Mercator Limited
948,METALFORGE,Metalyst Forgings Limited
949,METROPOLIS,Metropolis Healthcare Limited
950,MFSL,Max Financial Services Limited
951,MGEL,Mangalam Global Enterprise Limited
952,MGL,Mahanagar Gas Limited
953,MHRIL,Mahindra Holidays & Resorts India Limited
954,MIDHANI,Mishra Dhatu Nigam Limited
955,MINDACORP,Minda Corporation Limited
956,MINDAIND,Minda Industries Limited
957,MINDTECK,Mindteck (India) Limited
958,MINDTREE,MindTree Limited
959,MIRCELECTR,MIRC Electronics Limited
960,MIRZAINT,Mirza International Limited
961,MITTAL,Mittal Life Style Limited
962,MMFL,MM Forgings Limited
963,MMP,MMP Industries Limited
964,MMTC,MMTC Limited
965,MODIRUBBER,Modi Rubber Limited
966,MODISNME,Modison Metals Limited
967,MOHITIND,Mohit Industries Limited
968,MOHOTAIND,Mohota Industries Limited
969,MOIL,MOIL Limited
970,MOKSH,Moksh Ornaments Limited
971,MOLDTECH,Mold-Tek Technologies Limited
972,MOLDTKPAC,Mold-Tek Packaging Limited
973,MONTECARLO,Monte Carlo Fashions Limited
974,MORARJEE,Morarjee Textiles Limited
975,MOREPENLAB,Morepen Laboratories Limited
976,MOTHERSUMI,Motherson Sumi Systems Limited
977,MOTILALOFS,Motilal Oswal Financial Services Limited
978,MOTOGENFIN,The Motor & General Finance Limited
979,MPHASIS,MphasiS Limited
980,MPSLTD,MPS Limited
981,MRF,MRF Limited
982,MRO-TEK,MRO-TEK Realty Limited
983,MRPL,Mangalore Refinery and Petrochemicals Limited
984,MSPL,MSP Steel & Power Limited
985,MSTCLTD,Mstc Limited
986,MTARTECH,Mtar Technologies Limited
987,MTEDUCARE,MT Educare Limited
988,MTNL,Mahanagar Telephone Nigam Limited
989,MUKANDENGG,Mukand Engineers Limited
990,MUKANDLTD,Mukand Limited
991,MUKTAARTS,Mukta Arts Limited
992,MUNJALAU,Munjal Auto Industries Limited
993,MUNJALSHOW,Munjal Showa Limited
994,MURUDCERA,Murudeshwar Ceramics Limited
995,MUTHOOTCAP,Muthoot Capital Services Limited
996,MUTHOOTFIN,Muthoot Finance Limited
997,NACLIND,NACL Industries Limited
998,NAGAFERT,Nagarjuna Fertilizers and Chemicals Limited
999,NAGREEKCAP,Nagreeka Capital & Infrastructure Limited
1000,NAGREEKEXP,Nagreeka Exports Limited
1001,NAHARCAP,Nahar Capital and Financial Services Limited
1002,NAHARINDUS,Nahar Industrial Enterprises Limited
1003,NAHARPOLY,Nahar Poly Films Limited
1004,NAHARSPING,Nahar Spinning Mills Limited
1005,NAM-INDIA,Nippon Life India Asset Management Limited
1006,NATCOPHARM,Natco Pharma Limited
1007,NATHBIOGEN,Nath Bio-Genes (India) Limited
1008,NATIONALUM,National Aluminium Company Limited
1009,NAUKRI,Info Edge (India) Limited
1010,NAVINFLUOR,Navin Fluorine International Limited
1011,NAVKARCORP,Navkar Corporation Limited
1012,NAVNETEDUL,Navneet Education Limited
1013,NAZARA,Nazara Technologies Limited
1014,NBCC,NBCC (India) Limited
1015,NBIFIN,N. B. I. Industrial Finance Company Limited
1016,NBVENTURES,Nava Bharat Ventures Limited
1017,NCC,NCC Limited
1018,NCLIND,NCL Industries Limited
1019,NDGL,Naga Dhunseri Group Limited
1020,NDL,Nandan Denim Limited
1021,NDRAUTO,Ndr Auto Components Limited
1022,NDTV,New Delhi Television Limited
1023,NECCLTD,North Eastern Carrying Corporation Limited
1024,NECLIFE,Nectar Lifesciences Limited
1025,NELCAST,Nelcast Limited
1026,NELCO,NELCO Limited
1027,NEOGEN,Neogen Chemicals Limited
1028,NESCO,Nesco Limited
1029,NESTLEIND,Nestle India Limited
1030,NETWORK18,Network18 Media & Investments Limited
1031,NEULANDLAB,Neuland Laboratories Limited
1032,NEWGEN,Newgen Software Technologies Limited
1033,NEXTMEDIA,Next Mediaworks Limited
1034,NFL,National Fertilizers Limited
1035,NH,Narayana Hrudayalaya Ltd.
1036,NHPC,NHPC Limited
1037,NIACL,The New India Assurance Company Limited
1038,NIBL,NRB Industrial Bearings Limited
1039,NIITLTD,NIIT Limited
1040,NILAINFRA,Nila Infrastructures Limited
1041,NILASPACES,Nila Spaces Limited
1042,NILKAMAL,Nilkamal Limited
1043,NIPPOBATRY,Indo-National Limited
1044,NIRAJ,Niraj Cement Structurals Limited
1045,NIRAJISPAT,Niraj Ispat Industries Limited
1046,NITCO,Nitco Limited
1047,NITINFIRE,Nitin Fire Protection Industries Limited
1048,NITINSPIN,Nitin Spinners Limited
1049,NITIRAJ,Nitiraj Engineers Limited
1050,NKIND,NK Industries Limited
1051,NLCINDIA,NLC India Limited
1052,NMDC,NMDC Limited
1053,NOCIL,NOCIL Limited
1054,NOIDATOLL,Noida Toll Bridge Company Limited
1055,NORBTEAEXP,Norben Tea & Exports Limited
1056,NOVARTIND,Novartis India Limited
1057,NRAIL,N R Agarwal Industries Limited
1058,NRBBEARING,NRB Bearing Limited
1059,NSIL,Nalwa Sons Investments Limited
1060,NTL,Neueon Towers Limited
1061,NTPC,NTPC Limited
1062,NUCLEUS,Nucleus Software Exports Limited
1063,NURECA,Nureca Limited
1064,NXTDIGITAL,NXTDIGITAL LIMITED
1065,OAL,Oriental Aromatics Limited
1066,OBEROIRLTY,Oberoi Realty Limited
1067,OCCL,Oriental Carbon & Chemicals Limited
1068,OFSS,Oracle Financial Services Software Limited
1069,OIL,Oil India Limited
1070,OILCOUNTUB,Oil Country Tubular Limited
1071,OLECTRA,Olectra Greentech Limited
1072,OMAXAUTO,Omax Autos Limited
1073,OMAXE,Omaxe Limited
1074,OMINFRAL,OM INFRA LIMITED
1075,OMKARCHEM,Omkar Speciality Chemicals Limited
1076,ONEPOINT,One Point One Solutions Limited
1077,ONGC,Oil & Natural Gas Corporation Limited
1078,ONMOBILE,OnMobile Global Limited
1079,ONWARDTEC,Onward Technologies Limited
1080,OPTIEMUS,Optiemus Infracom Limited
1081,OPTOCIRCUI,Opto Circuits (India) Limited
1082,ORBTEXP,Orbit Exports Limited
1083,ORCHPHARMA,Orchid Pharma Limited
1084,ORICONENT,Oricon Enterprises Limited
1085,ORIENTABRA,Orient Abrasives Limited
1086,ORIENTALTL,Oriental Trimex Limited
1087,ORIENTBELL,Orient Bell Limited
1088,ORIENTCEM,Orient Cement Limited
1089,ORIENTELEC,Orient Electric Limited
1090,ORIENTHOT,Oriental Hotels Limited
1091,ORIENTLTD,Orient Press Limited
1092,ORIENTPPR,Orient Paper & Industries Limited
1093,ORIENTREF,Orient Refractories Limited
1094,ORISSAMINE,The Orissa Minerals Development Company Limited
1095,ORTEL,Ortel Communications Limited
1096,ORTINLAB,Ortin Laboratories Limited
1097,OSWALAGRO,Oswal Agro Mills Limited
1098,PAEL,PAE Limited
1099,PAGEIND,Page Industries Limited
1100,PAISALO,Paisalo Digital Limited
1101,PALASHSECU,Palash Securities Limited
1102,PALREDTEC,Palred Technologies Limited
1103,PANACEABIO,Panacea Biotec Limited
1104,PANACHE,Panache Digilife Limited
1105,PANAMAPET,Panama Petrochem Limited
1106,PARACABLES,Paramount Communications Limited
1107,PARAGMILK,Parag Milk Foods Limited
1108,PARSVNATH,Parsvnath Developers Limited
1109,PATELENG,Patel Engineering Limited
1110,PATINTLOG,Patel Integrated Logistics Limited
1111,PATSPINLTD,Patspin India Limited
1112,PBAINFRA,PBA Infrastructure Limited
1113,PCJEWELLER,PC Jeweller Limited
1114,PDMJEPAPER,Pudumjee Paper Products Limited
1115,PDSMFL,PDS Multinational Fashions Limited
1116,PEARLPOLY,Pearl Polymers Limited
1117,PEL,Piramal Enterprises Limited
1118,PENIND,Pennar Industries Limited
1119,PENINLAND,Peninsula Land Limited
1120,PERSISTENT,Persistent Systems Limited
1121,PETRONET,Petronet LNG Limited
1122,PFC,Power Finance Corporation Limited
1123,PFIZER,Pfizer Limited
1124,PFOCUS,Prime Focus Limited
1125,PFS,PTC India Financial Services Limited
1126,PGEL,PG Electroplast Limited
1127,PGHH,Procter & Gamble Hygiene and Health Care Limited
1128,PGHL,Procter & Gamble Health Limited
1129,PGIL,Pearl Global Industries Limited
1130,PHILIPCARB,Phillips Carbon Black Limited
1131,PHOENIXLTD,The Phoenix Mills Limited
1132,PIDILITIND,Pidilite Industries Limited
1133,PIIND,PI Industries Limited
1134,PILANIINVS,Pilani Investment and Industries Corporation Limited
1135,PILITA,PIL ITALICA LIFESTYLE LIMITED
1136,PIONDIST,Pioneer Distilleries Limited
1137,PIONEEREMB,Pioneer Embroideries Limited
1138,PITTIENG,Pitti Engineering Limited
1139,PKTEA,The Peria Karamalai Tea & Produce Company Limited
1140,PLASTIBLEN,Plastiblends India Limited
1141,PNB,Punjab National Bank
1142,PNBGILTS,PNB Gilts Limited
1143,PNBHOUSING,PNB Housing Finance Limited
1144,PNC,Pritish Nandy Communications Limited
1145,PNCINFRA,PNC Infratech Limited
1146,PODDARHOUS,Poddar Housing and Development Limited
1147,PODDARMENT,Poddar Pigments Limited
1148,POKARNA,Pokarna Limited
1149,POLYCAB,Polycab India Limited
1150,POLYMED,Poly Medicure Limited
1151,POLYPLEX,Polyplex Corporation Limited
1152,PONNIERODE,Ponni Sugars (Erode) Limited
1153,POWERGRID,Power Grid Corporation of India Limited
1154,POWERINDIA,ABB Power Products and Systems India Limited
1155,POWERMECH,Power Mech Projects Limited
1156,PPAP,PPAP Automotive Limited
1157,PPL,Prakash Pipes Limited
1158,PRAENG,Prajay Engineers Syndicate Limited
1159,PRAJIND,Praj Industries Limited
1160,PRAKASH,Prakash Industries Limited
1161,PRAKASHSTL,Prakash Steelage Limited
1162,PRAXIS,Praxis Home Retail Limited
1163,PRECAM,Precision Camshafts Limited
1164,PRECOT,Precot Limited
1165,PRECWIRE,Precision Wires India Limited
1166,PREMEXPLN,Premier Explosives Limited
1167,PREMIER,Premier Limited
1168,PREMIERPOL,Premier Polyfilm Limited
1169,PRESSMN,Pressman Advertising Limited
1170,PRESTIGE,Prestige Estates Projects Limited
1171,PRICOLLTD,Pricol Limited
1172,PRIMESECU,Prime Securities Limited
1173,PRINCEPIPE,Prince Pipes And Fittings Limited
1174,PRIVISCL,Privi Speciality Chemicals Limited
1175,PROINDIA,Proseed India Limited
1176,PROZONINTU,Prozone Intu Properties Limited
1177,PRSMJOHNSN,Prism Johnson Limited
1178,PSB,Punjab & Sind Bank
1179,PSPPROJECT,PSP Projects Limited
1180,PTC,PTC India Limited
1181,PTL,PTL Enterprises Limited
1182,PUNJABCHEM,Punjab Chemicals & Crop Protection Limited
1183,PUNJLLOYD,Punj Lloyd Limited
1184,PURVA,Puravankara Limited
1185,PVR,PVR Limited
1186,QUESS,Quess Corp Limited
1187,QUICKHEAL,Quick Heal Technologies Limited
1188,RADAAN,Radaan Mediaworks India Limited
1189,RADICO,Radico Khaitan Limited
1190,RADIOCITY,Music Broadcast Limited
1191,RAILTEL,Railtel Corporation Of India Limited
1192,RAIN,Rain Industries Limited
1193,RAJESHEXPO,Rajesh Exports Limited
1194,RAJMET,Rajnandini Metal Limited
1195,RAJRATAN,Rajratan Global Wire Limited
1196,RAJRAYON,Raj Rayon Industries Limited
1197,RAJSREESUG,Rajshree Sugars & Chemicals Limited
1198,RAJTV,Raj Television Network Limited
1199,RALLIS,Rallis India Limited
1200,RAMANEWS,Shree Rama Newsprint Limited
1201,RAMASTEEL,Rama Steel Tubes Limited
1202,RAMCOCEM,The Ramco Cements Limited
1203,RAMCOIND,Ramco Industries Limited
1204,RAMCOSYS,Ramco Systems Limited
1205,RAMKY,Ramky Infrastructure Limited
1206,RANASUG,Rana Sugars Limited
1207,RANEENGINE,Rane Engine Valve Limited
1208,RANEHOLDIN,Rane Holdings Limited
1209,RATNAMANI,Ratnamani Metals & Tubes Limited
1210,RAYMOND,Raymond Limited
1211,RBL,Rane Brake Lining Limited
1212,RBLBANK,RBL Bank Limited
1213,RCF,Rashtriya Chemicals and Fertilizers Limited
1214,RCOM,Reliance Communications Limited
1215,RECLTD,REC Limited
1216,REDINGTON,Redington (India) Limited
1217,REFEX,Refex Industries Limited
1218,RELAXO,Relaxo Footwears Limited
1219,RELCAPITAL,Reliance Capital Limited
1220,RELIANCE,Reliance Industries Limited
1221,RELIGARE,Religare Enterprises Limited
1222,RELINFRA,Reliance Infrastructure Limited
1223,REMSONSIND,Remsons Industries Limited
1224,RENUKA,Shree Renuka Sugars Limited
1225,REPCOHOME,Repco Home Finance Limited
1226,REPL,Rudrabhishek Enterprises Limited
1227,REPRO,Repro India Limited
1228,RESPONIND,Responsive Industries Limited
1229,REVATHI,Revathi Equipment Limited
1230,RGL,Renaissance Global Limited
1231,RHFL,Reliance Home Finance Limited
1232,RICOAUTO,Rico Auto Industries Limited
1233,RIIL,Reliance Industrial Infrastructure Limited
1234,RITES,RITES Limited
1235,RKDL,Ravi Kumar Distilleries Limited
1236,RKEC,RKEC Projects Limited
1237,RKFORGE,Ramkrishna Forgings Limited
1238,RMCL,Radha Madhav Corporation Limited
1239,RML,Rane (Madras) Limited
1240,RNAVAL,Reliance Naval and Engineering Limited
1241,ROHLTD,Royal Orchid Hotels Limited
1242,ROLLT,Rollatainers Limited
1243,ROLTA,Rolta India Limited
1244,ROML,Raj Oil Mills Limited
1245,ROSSARI,Rossari Biotech Limited
1246,ROSSELLIND,Rossell India Limited
1247,ROUTE,ROUTE MOBILE LIMITED
1248,RPGLIFE,RPG Life Sciences Limited
1249,RPOWER,Reliance Power Limited
1250,RPPINFRA,R.P.P. Infra Projects Limited
1251,RPSGVENT,RPSG VENTURES LIMITED
1252,RSSOFTWARE,R. S. Software (India) Limited
1253,RSWM,RSWM Limited
1254,RSYSTEMS,R Systems International Limited
1255,RTNINDIA,RattanIndia Enterprises Limited
1256,RTNPOWER,RattanIndia Power Limited
1257,RUBYMILLS,The Ruby Mills Limited
1258,RUCHI,Ruchi Soya Industries Limited
1259,RUCHINFRA,Ruchi Infrastructure Limited
1260,RUCHIRA,Ruchira Papers Limited
1261,RUPA,Rupa & Company Limited
1262,RUSHIL,Rushil Decor Limited
1263,RVHL,Ravinder Heights Limited
1264,RVNL,Rail Vikas Nigam Limited
1265,S&SPOWER,S&S Power Switchgears Limited
1266,SABEVENTS,Sab Events & Governance Now Media Limited
1267,SABTN,Sri Adhikari Brothers Television Network Limited
1268,SADBHAV,Sadbhav Engineering Limited
1269,SADBHIN,Sadbhav Infrastructure Project Limited
1270,SAFARI,Safari Industries (India) Limited
1271,SAGARDEEP,Sagardeep Alloys Limited
1272,SAGCEM,Sagar Cements Limited
1273,SAIL,Steel Authority of India Limited
1274,SAKAR,Sakar Healthcare Limited
1275,SAKHTISUG,Sakthi Sugars Limited
1276,SAKSOFT,Saksoft Limited
1277,SAKUMA,Sakuma Exports Limited
1278,SALASAR,Salasar Techno Engineering Limited
1279,SALONA,Salona Cotspin Limited
1280,SALSTEEL,S.A.L. Steel Limited
1281,SALZERELEC,Salzer Electronics Limited
1282,SAMBHAAV,Sambhaav Media Limited
1283,SANCO,Sanco Industries Limited
1284,SANDESH,The Sandesh Limited
1285,SANDHAR,Sandhar Technologies Limited
1286,SANGAMIND,Sangam (India) Limited
1287,SANGHIIND,Sanghi Industries Limited
1288,SANGHVIMOV,Sanghvi Movers Limited
1289,SANGINITA,Sanginita Chemicals Limited
1290,SANOFI,Sanofi India Limited
1291,SANWARIA,Sanwaria Consumer Limited
1292,SARDAEN,Sarda Energy & Minerals Limited
1293,SAREGAMA,Saregama India Limited
1294,SARLAPOLY,Sarla Performance Fibers Limited
1295,SASKEN,Sasken Technologies Limited
1296,SASTASUNDR,Sastasundar Ventures Limited
1297,SATIA,Satia Industries Limited
1298,SATIN,Satin Creditcare Network Limited
1299,SBICARD,SBI Cards and Payment Services Limited
1300,SBILIFE,SBI Life Insurance Company Limited
1301,SBIN,State Bank of India
1302,SCAPDVR,Stampede Capital Limited
1303,SCHAEFFLER,Schaeffler India Limited
1304,SCHAND,S Chand And Company Limited
1305,SCHNEIDER,Schneider Electric Infrastructure Limited
1306,SCI,Shipping Corporation Of India Limited
1307,SDBL,Som Distilleries & Breweries Limited
1308,SEAMECLTD,Seamec Limited
1309,SECURKLOUD,SECUREKLOUD TECHNOLOGIES LIMITED
1310,SELAN,Selan Exploration Technology Limited
1311,SEPOWER,S.E. Power Limited
1312,SEQUENT,Sequent Scientific Limited
1313,SESHAPAPER,Seshasayee Paper and Boards Limited
1314,SETCO,Setco Automotive Limited
1315,SETUINFRA,Setubandhan Infrastructure Limited
1316,SEYAIND,Seya Industries Limited
1317,SFL,Sheela Foam Limited
1318,SGL,STL Global Limited
1319,SHAHALLOYS,Shah Alloys Limited
1320,SHAKTIPUMP,Shakti Pumps (India) Limited
1321,SHALBY,Shalby Limited
1322,SHALPAINTS,Shalimar Paints Limited
1323,SHANKARA,Shankara Building Products Limited
1324,SHANTIGEAR,Shanthi Gears Limited
1325,SHARDACROP,Sharda Cropchem Limited
1326,SHARDAMOTR,Sharda Motor Industries Limited
1327,SHAREINDIA,Share India Securities Limited
1328,SHEMAROO,Shemaroo Entertainment Limited
1329,SHIL,Somany Home Innovation Limited
1330,SHILPAMED,Shilpa Medicare Limited
1331,SHIVAMAUTO,Shivam Autotech Limited
1332,SHIVAMILLS,Shiva Mills Limited
1333,SHIVATEX,Shiva Texyarn Limited
1334,SHK,S H Kelkar and Company Limited
1335,SHOPERSTOP,Shoppers Stop Limited
1336,SHRADHA,Shradha Infraprojects Limited
1337,SHREDIGCEM,Shree Digvijay Cement Co.Ltd
1338,SHREECEM,SHREE CEMENT LIMITED
1339,SHREEPUSHK,Shree Pushkar Chemicals & Fertilisers Limited
1340,SHREERAMA,Shree Rama Multi-Tech Limited
1341,SHRENIK,Shrenik Limited
1342,SHREYANIND,Shreyans Industries Limited
1343,SHREYAS,Shreyas Shipping & Logistics Limited
1344,SHRIPISTON,Shriram Pistons & Rings Limited
1345,SHRIRAMCIT,Shriram City Union Finance Limited
1346,SHRIRAMEPC,Shriram EPC Limited
1347,SHYAMCENT,Shyam Century Ferrous Limited
1348,SHYAMTEL,Shyam Telecom Limited
1349,SICAGEN,Sicagen India Limited
1350,SICAL,Sical Logistics Limited
1351,SIEMENS,Siemens Limited
1352,SIGIND,Signet Industries Limited
1353,SIL,Standard Industries Limited
1354,SILGO,Silgo Retail Limited
1355,SILINV,SIL Investments Limited
1356,SILLYMONKS,Silly Monks Entertainment Limited
1357,SIMBHALS,Simbhaoli Sugars Limited
1358,SIMPLEXINF,Simplex Infrastructures Limited
1359,SINTERCOM,Sintercom India Limited
1360,SINTEX,Sintex Industries Limited
1361,SIRCA,Sirca Paints India Limited
1362,SIS,SIS LIMITED
1363,SITINET,Siti Networks Limited
1364,SIYSIL,Siyaram Silk Mills Limited
1365,SJVN,SJVN Limited
1366,SKFINDIA,SKF India Limited
1367,SKIL,SKIL Infrastructure Limited
1368,SKIPPER,Skipper Limited
1369,SKMEGGPROD,SKM Egg Products Export (India) Limited
1370,SMARTLINK,Smartlink Holdings Limited
1371,SMCGLOBAL,SMC Global Securities Limited
1372,SMLISUZU,SML Isuzu Limited
1373,SMPL,Splendid Metal Products Limited
1374,SMSLIFE,SMS Lifesciences India Limited
1375,SMSPHARMA,SMS Pharmaceuticals Limited
1376,SNOWMAN,Snowman Logistics Limited
1377,SOBHA,Sobha Limited
1378,SOLARA,Solara Active Pharma Sciences Limited
1379,SOLARINDS,Solar Industries India Limited
1380,SOMANYCERA,Somany Ceramics Limited
1381,SOMATEX,Soma Textiles & Industries Limited
1382,SOMICONVEY,Somi Conveyor Beltings Limited
1383,SONATSOFTW,Sonata Software Limited
1384,SORILINFRA,SORIL Infra Resources Limited
1385,SOTL,Savita Oil Technologies Limited
1386,SOUTHBANK,The South Indian Bank Limited
1387,SOUTHWEST,South West Pinnacle Exploration Limited
1388,SPAL,S. P. Apparels Limited
1389,SPANDANA,Spandana Sphoorty Financial Limited
1390,SPARC,Sun Pharma Advanced Research Company Limited
1391,SPECIALITY,Speciality Restaurants Limited
1392,SPENCERS,Spencer's Retail Limited
1393,SPENTEX,Spentex Industries Limited
1394,SPIC,Southern Petrochemicals Industries Corporation  Limited
1395,SPICEJET,SPICEJET LTD
1396,SPLIL,SPL Industries Limited
1397,SPMLINFRA,SPML Infra Limited
1398,SPTL,Sintex Plastics Technology Limited
1399,SREEL,Sreeleathers Limited
1400,SREINFRA,SREI Infrastructure Finance Limited
1401,SRF,SRF Limited
1402,SRHHYPOLTD,Sree Rayalaseema Hi-Strength Hypo Limited
1403,SRIPIPES,Srikalahasthi Pipes Limited
1404,SRPL,Shree Ram Proteins Limited
1405,SRTRANSFIN,Shriram Transport Finance Company Limited
1406,SSWL,Steel Strips Wheels Limited
1407,STAR,Strides Pharma Science Limited
1408,STARCEMENT,Star Cement Limited
1409,STARPAPER,Star Paper Mills Limited
1410,STCINDIA,The State Trading Corporation of India Limited
1411,STEELCITY,Steel City Securities Limited
1412,STEELXIND,STEEL EXCHANGE INDIA LIMITED
1413,STEL,Stel Holdings Limited
1414,STERTOOLS,Sterling Tools Limited
1415,STLTECH,Sterlite Technologies Limited
1416,STOVEKRAFT,Stove Kraft Limited
1417,SUBCAPCITY,International Constructions Limited
1418,SUBEXLTD,Subex Limited
1419,SUBROS,Subros Limited
1420,SUDARSCHEM,Sudarshan Chemical Industries Limited
1421,SUMEETINDS,Sumeet Industries Limited
1422,SUMICHEM,Sumitomo Chemical India Limited
1423,SUMIT,Sumit Woods Limited
1424,SUMMITSEC,Summit Securities Limited
1425,SUNCLAYLTD,Sundaram Clayton Limited
1426,SUNDARAM,Sundaram Multi Pap Limited
1427,SUNDARMFIN,Sundaram Finance Limited
1428,SUNDARMHLD,Sundaram Finance Holdings Limited
1429,SUNDRMBRAK,Sundaram Brake Linings Limited
1430,SUNDRMFAST,Sundram Fasteners Limited
1431,SUNFLAG,Sunflag Iron And Steel Company Limited
1432,SUNPHARMA,Sun Pharmaceutical Industries Limited
1433,SUNTECK,Sunteck Realty Limited
1434,SUNTV,Sun TV Network Limited
1435,SUPERHOUSE,Superhouse Limited
1436,SUPERSPIN,Super Spinning Mills Limited
1437,SUPPETRO,Supreme Petrochem Limited
1438,SUPRAJIT,Suprajit Engineering Limited
1439,SUPREMEENG,Supreme Engineering Limited
1440,SUPREMEIND,Supreme Industries Limited
1441,SURANASOL,Surana Solar Limited
1442,SURANAT&P,Surana Telecom and Power Limited
1443,SURYALAXMI,Suryalakshmi Cotton Mills Limited
1444,SURYAROSNI,Surya Roshni Limited
1445,SURYODAY,Suryoday Small Finance Bank Limited
1446,SUTLEJTEX,Sutlej Textiles and Industries Limited
1447,SUULD,Suumaya Industries Limited
1448,SUVEN,Suven Life Sciences Limited
1449,SUVENPHAR,Suven Pharmaceuticals Limited
1450,SUVIDHAA,Suvidhaa Infoserve Limited
1451,SUZLON,Suzlon Energy Limited
1452,SWANENERGY,Swan Energy Limited
1453,SWARAJENG,Swaraj Engines Limited
1454,SWELECTES,Swelect Energy Systems Limited
1455,SWSOLAR,Sterling And Wilson Solar Limited
1456,SYMPHONY,Symphony Limited
1457,SYNCOM,Syncom Healthcare Limited
1458,SYNGENE,Syngene International Limited
1459,TAINWALCHM,Tainwala Chemical and Plastic (I) Limited
1460,TAJGVK,Taj GVK Hotels & Resorts Limited
1461,TAKE,Take Solutions Limited
1462,TALBROAUTO,Talbros Automotive Components Limited
1463,TANLA,Tanla Platforms Limited
1464,TANTIACONS,Tantia Constructions Limited
1465,TARAPUR,Tarapur Transformers Limited
1466,TARC,TARC Limited
1467,TARMAT,Tarmat Limited
1468,TASTYBITE,Tasty Bite Eatables Limited
1469,TATACHEM,Tata Chemicals Limited
1470,TATACOFFEE,Tata Coffee Limited
1471,TATACOMM,Tata Communications Limited
1472,TATACONSUM,TATA CONSUMER PRODUCTS LIMITED
1473,TATAELXSI,Tata Elxsi Limited
1474,TATAINVEST,Tata Investment Corporation Limited
1475,TATAMETALI,Tata Metaliks Limited
1476,TATAMOTORS,Tata Motors Limited
1477,TATAMTRDVR,Tata Motors Limited
1478,TATAPOWER,Tata Power Company Limited
1479,TATASTEEL,Tata Steel Limited
1480,TATASTLBSL,Tata Steel Bsl Limited
1481,TATASTLLP,Tata Steel Long Products Limited
1482,TBZ,Tribhovandas Bhimji Zaveri Limited
1483,TCI,Transport Corporation of India Limited
1484,TCIDEVELOP,TCI Developers Limited
1485,TCIEXP,TCI Express Limited
1486,TCIFINANCE,TCI Finance Limited
1487,TCNSBRANDS,TCNS Clothing Co. Limited
1488,TCPLPACK,TCPL Packaging Limited
1489,TCS,Tata Consultancy Services Limited
1490,TDPOWERSYS,TD Power Systems Limited
1491,TEAMLEASE,Teamlease Services Limited
1492,TECHIN,Techindia Nirman Limited
1493,TECHM,Tech Mahindra Limited
1494,TECHNOE,Techno Electric & Engineering Company Limited
1495,TEJASNET,Tejas Networks Limited
1496,TEMBO,Tembo Global Industries Limited
1497,TERASOFT,Tera Software Limited
1498,TEXINFRA,Texmaco Infrastructure & Holdings Limited
1499,TEXMOPIPES,Texmo Pipes and Products Limited
1500,TEXRAIL,Texmaco Rail & Engineering Limited
1501,TFCILTD,Tourism Finance Corporation of India Limited
1502,TFL,Transwarranty Finance Limited
1503,TGBHOTELS,TGB Banquets And Hotels Limited
1504,THANGAMAYL,Thangamayil Jewellery Limited
1505,THEINVEST,The Investment Trust Of India Limited
1506,THEMISMED,Themis Medicare Limited
1507,THERMAX,Thermax Limited
1508,THOMASCOOK,Thomas Cook  (India)  Limited
1509,THOMASCOTT,Thomas Scott (India) Limited
1510,THYROCARE,Thyrocare Technologies Limited
1511,TI,Tilaknagar Industries Limited
1512,TIDEWATER,Tide Water Oil Company (India) Limited
1513,TIIL,Technocraft Industries (India) Limited
1514,TIINDIA,Tube Investments of India Limited
1515,TIJARIA,Tijaria Polypipes Limited
1516,TIL,TIL Limited
1517,TIMESGTY,Times Guaranty Limited
1518,TIMETECHNO,Time Technoplast Limited
1519,TIMKEN,Timken India Limited
1520,TINPLATE,The Tinplate Company of India Limited
1521,TIPSINDLTD,TIPS Industries Limited
1522,TIRUMALCHM,Thirumalai Chemicals Limited
1523,TIRUPATIFL,Tirupati Forge Limited
1524,TITAN,Titan Company Limited
1525,TMRVL,The Mandhana Retail Ventures Limited
1526,TNPETRO,Tamilnadu PetroProducts Limited
1527,TNPL,Tamil Nadu Newsprint & Papers Limited
1528,TNTELE,Tamilnadu Telecommunication Limited
1529,TOKYOPLAST,Tokyo Plast International Limited
1530,TORNTPHARM,Torrent Pharmaceuticals Limited
1531,TORNTPOWER,Torrent Power Limited
1532,TOTAL,Total Transport Systems Limited
1533,TOUCHWOOD,Touchwood Entertainment Limited
1534,TPLPLASTEH,TPL Plastech Limited
1535,TREEHOUSE,Tree House Education & Accessories Limited
1536,TREJHARA,TREJHARA SOLUTIONS LIMITED
1537,TRENT,Trent Limited
1538,TRF,TRF Limited
1539,TRIDENT,Trident Limited
1540,TRIGYN,Trigyn Technologies Limited
1541,TRIL,Transformers And Rectifiers (India) Limited
1542,TRITURBINE,Triveni Turbine Limited
1543,TRIVENI,Triveni Engineering & Industries Limited
1544,TTKHLTCARE,TTK Healthcare Limited
1545,TTKPRESTIG,TTK Prestige Limited
1546,TTL,T T Limited
1547,TTML,Tata Teleservices (Maharashtra) Limited
1548,TV18BRDCST,TV18 Broadcast Limited
1549,TVSELECT,TVS Electronics Limited
1550,TVSMOTOR,TVS Motor Company Limited
1551,TVSSRICHAK,TVS Srichakra Limited
1552,TVTODAY,TV Today Network Limited
1553,TVVISION,TV Vision Limited
1554,TWL,Titagarh Wagons Limited
1555,UBL,United Breweries Limited
1556,UCALFUEL,Ucal Fuel Systems Limited
1557,UCOBANK,UCO Bank
1558,UFLEX,UFLEX Limited
1559,UFO,UFO Moviez India Limited
1560,UGARSUGAR,The Ugar Sugar Works Limited
1561,UJAAS,Ujaas Energy Limited
1562,UJJIVAN,Ujjivan Financial Services Limited
1563,UJJIVANSFB,Ujjivan Small Finance Bank Limited
1564,ULTRACEMCO,UltraTech Cement Limited
1565,UMANGDAIRY,Umang Dairies Limited
1566,UMESLTD,Usha Martin Education & Solutions Limited
1567,UNICHEMLAB,Unichem Laboratories Limited
1568,UNIDT,United Drilling Tools Limited
1569,UNIENTER,Uniphos Enterprises Limited
1570,UNIONBANK,Union Bank of India
1571,UNITECH,Unitech Limited
1572,UNITEDTEA,The United Nilgiri Tea Estates Company Limited
1573,UNIVASTU,Univastu India Limited
1574,UNIVCABLES,Universal Cables Limited
1575,UNIVPHOTO,Universus Photo Imagings Limited
1576,UPL,UPL Limited
1577,URJA,Urja Global Limited
1578,USHAMART,Usha Martin Limited
1579,UTIAMC,UTI Asset Management Company Limited
1580,UTTAMSTL,Uttam Galva Steels Limited
1581,UTTAMSUGAR,Uttam Sugar Mills Limited
1582,V2RETAIL,V2 Retail Limited
1583,VADILALIND,Vadilal Industries Limited
1584,VAIBHAVGBL,Vaibhav Global Limited
1585,VAISHALI,Vaishali Pharma Limited
1586,VAKRANGEE,Vakrangee Limited
1587,VALIANTORG,Valiant Organics Limited
1588,VARDHACRLC,Vardhman Acrylics Limited
1589,VARDMNPOLY,Vardhman Polytex Limited
1590,VARROC,Varroc Engineering Limited
1591,VASCONEQ,Vascon Engineers Limited
1592,VASWANI,Vaswani Industries Limited
1593,VBL,Varun Beverages Limited
1594,VECO-RE,Vikas EcoTech Ltd - RE
1595,VEDL,Vedanta Limited
1596,VENKEYS,Venky's (India) Limited
1597,VENUSREM,Venus Remedies Limited
1598,VERTOZ,Vertoz Advertising Limited
1599,VESUVIUS,Vesuvius India Limited
1600,VETO,Veto Switchgears And Cables Limited
1601,VGUARD,V-Guard Industries Limited
1602,VHL,Vardhman Holdings Limited
1603,VICEROY,Viceroy Hotels Limited
1604,VIDHIING,Vidhi Specialty Food Ingredients Limited
1605,VIJIFIN,Viji Finance Limited
1606,VIKASECO,Vikas EcoTech Limited
1607,VIKASLIFE,Vikas Lifecare Limited
1608,VIKASPROP,Vikas Proppant & Granite Limited
1609,VIKASWSP,Vikas WSP Limited
1610,VIMTALABS,Vimta Labs Limited
1611,VINATIORGA,Vinati Organics Limited
1612,VINDHYATEL,Vindhya Telelinks Limited
1613,VINEETLAB,Vineet Laboratories Limited
1614,VINYLINDIA,Vinyl Chemicals (India) Limited
1615,VIPCLOTHNG,VIP Clothing Limited
1616,VIPIND,VIP Industries Limited
1617,VIPULLTD,Vipul Limited
1618,VISAKAIND,Visaka Industries Limited
1619,VISASTEEL,Visa Steel Limited
1620,VISHAL,Vishal Fabrics Limited
1621,VISHNU,Vishnu Chemicals Limited
1622,VISHWARAJ,Vishwaraj Sugar Industries Limited
1623,VIVIDHA,Visagar Polytex Limited
1624,VIVIMEDLAB,Vivimed Labs Limited
1625,VLSFINANCE,VLS Finance Limited
1626,VMART,V-Mart Retail Limited
1627,VOLTAMP,Voltamp Transformers Limited
1628,VOLTAS,Voltas Limited
1629,VRLLOG,VRL Logistics Limited
1630,VSSL,Vardhman Special Steels Limited
1631,VSTIND,VST Industries Limited
1632,VSTTILLERS,V.S.T Tillers Tractors Limited
1633,VTL,Vardhman Textiles Limited
1634,WABAG,VA Tech Wabag Limited
1635,WABCOINDIA,WABCO India Limited
1636,WALCHANNAG,Walchandnagar Industries Limited
1637,WANBURY,Wanbury Limited
1638,WATERBASE,Waterbase Limited
1639,WEALTH,Wealth First Portfolio Managers Limited
1640,WEBELSOLAR,Websol Energy System Limited
1641,WEIZMANIND,Weizmann Limited
1642,WELCORP,Welspun Corp Limited
1643,WELENT,Welspun Enterprises Limited
1644,WELINV,Welspun Investments and Commercials Limited
1645,WELSPUNIND,Welspun India Limited
1646,WENDT,Wendt (India) Limited
1647,WESTLIFE,Westlife Development Ltd
1648,WHEELS,Wheels India Limited
1649,WHIRLPOOL,Whirlpool of India Limited
1650,WILLAMAGOR,Williamson Magor & Company Limited
1651,WINDMACHIN,Windsor Machines Limited
1652,WIPL,The Western India Plywoods Limited
1653,WIPRO,Wipro Limited
1654,WOCKPHARMA,Wockhardt Limited
1655,WONDERLA,Wonderla Holidays Limited
1656,WORTH,Worth Peripherals Limited
1657,WSI,W S Industries (I) Limited
1658,WSTCSTPAPR,West Coast Paper Mills Limited
1659,XCHANGING,Xchanging Solutions Limited
1660,XELPMOC,Xelpmoc Design And Tech Limited
1661,XPROINDIA,Xpro India Limited
1662,YAARII,Yaarii Digital Integrated Services Limited
1663,YESBANK,Yes Bank Limited
1664,ZEEL,Zee Entertainment Enterprises Limited
1665,ZEELEARN,Zee Learn Limited
1666,ZEEMEDIA,Zee Media Corporation Limited
1667,ZENITHEXPO,Zenith Exports Limited
1668,ZENSARTECH,Zensar Technologies Limited
1669,ZENTEC,Zen Technologies Limited
1670,ZODIACLOTH,Zodiac Clothing Company Limited
1671,ZODJRDMKJ,Zodiac JRD- MKJ Limited
1672,ZOTA,Zota Health Care LImited
1673,ZUARI,Zuari Agro Chemicals Limited
1674,ZUARIGLOB,Zuari Global Limited
1675,ZYDUSWELL,Zydus Wellness Limited
